{"stats":{"minecraft:dropped":{"minecraft:stick":1,"minecraft:cooked_salmon":2,"minecraft:wooden_sword":1,"minecraft:iron_axe":1,"minecraft:iron_pickaxe":1},"minecraft:used":{"minecraft:amethyst_block":6,"minecraft:flint_and_steel":17,"minecraft:stone_shovel":66,"minecraft:stone_pickaxe":114,"minecraft:spruce_planks":17,"minecraft:wooden_pickaxe":12,"minecraft:cooked_chicken":1,"minecraft:torch":6,"minecraft:dirt":22,"minecraft:crafting_table":2,"minecraft:iron_axe":71,"minecraft:iron_helmet":2,"minecraft:gravel":35,"minecraft:spruce_sapling":21,"minecraft:light_gray_wool":1,"minecraft:wooden_sword":5,"minecraft:cobblestone":81,"minecraft:furnace":2},"minecraft:crafted":{"minecraft:wooden_sword":2,"minecraft:stone_shovel":1,"minecraft:crafting_table":2,"minecraft:spruce_planks":140,"minecraft:wooden_pickaxe":2,"minecraft:iron_helmet":1,"minecraft:furnace":2,"minecraft:cooked_salmon":2,"minecraft:copper_ingot":4,"minecraft:flint_and_steel":1,"minecraft:iron_axe":1,"minecraft:stick":30,"minecraft:iron_ingot":11,"minecraft:iron_pickaxe":2,"minecraft:stone_pickaxe":1,"minecraft:torch":16},"minecraft:killed":{"minecraft:salmon":2},"minecraft:picked_up":{"minecraft:crafting_table":1,"minecraft:salmon":2,"minecraft:wooden_pickaxe":3,"minecraft:flint":7,"minecraft:oak_log":31,"minecraft:amethyst_block":18,"minecraft:dirt":89,"minecraft:raw_copper":109,"minecraft:iron_axe":1,"minecraft:flint_and_steel":2,"minecraft:spruce_planks":8,"minecraft:stone_pickaxe":3,"minecraft:iron_ingot":2,"minecraft:cooked_chicken":1,"minecraft:light_gray_wool":4,"minecraft:furnace":1,"minecraft:stick":8,"minecraft:raw_iron":31,"minecraft:smooth_basalt":2,"minecraft:gravel":96,"minecraft:sand":18,"minecraft:spruce_sapling":54,"minecraft:pointed_dripstone":5,"minecraft:spruce_log":106,"minecraft:stone_shovel":1,"minecraft:iron_helmet":2,"minecraft:oak_sapling":1,"minecraft:coal":64,"minecraft:cobblestone":113},"minecraft:killed_by":{"minecraft:player":1},"minecraft:mined":{"minecraft:spruce_planks":8,"minecraft:medium_amethyst_bud":1,"minecraft:glow_lichen":1,"minecraft:budding_amethyst":1,"minecraft:short_grass":1,"minecraft:grass_block":6,"minecraft:copper_ore":12,"minecraft:cobblestone":8,"minecraft:spruce_leaves":8,"minecraft:amethyst_block":6,"minecraft:spruce_sapling":7,"minecraft:iron_ore":13,"minecraft:fire":1,"minecraft:spruce_log":45,"minecraft:light_gray_wool":1,"minecraft:oak_log":31,"minecraft:pointed_dripstone":4,"minecraft:coal_ore":15,"minecraft:dirt":36,"minecraft:gravel":45,"minecraft:dripstone_block":1,"minecraft:smooth_basalt":2,"minecraft:stone":57,"minecraft:oak_leaves":5,"minecraft:fern":1},"minecraft:custom":{"minecraft:interact_with_furnace":21,"minecraft:mob_kills":2,"minecraft:interact_with_crafting_table":17,"minecraft:leave_game":7,"minecraft:time_since_death":23518,"minecraft:time_since_rest":23546,"minecraft:sprint_one_cm":2926,"minecraft:damage_taken":982,"minecraft:walk_one_cm":161527,"minecraft:drop":5,"minecraft:damage_dealt":497,"minecraft:swim_one_cm":11390,"minecraft:fly_one_cm":660,"minecraft:player_kills":2,"minecraft:open_chest":2,"minecraft:crouch_one_cm":465,"minecraft:play_time":70134,"minecraft:deaths":3,"minecraft:sneak_time":299,"minecraft:walk_under_water_one_cm":30939,"minecraft:boat_one_cm":11948,"minecraft:jump":556,"minecraft:walk_on_water_one_cm":9854,"minecraft:total_world_time":70134,"minecraft:fall_one_cm":16116}},"DataVersion":3955}