{"stats":{"minecraft:picked_up":{"minecraft:stick":2,"minecraft:leather":3,"alexsmobs:acacia_blossom":1,"minecraft:acacia_log":4,"regions_unexplored:dead_steppe_shrub":68,"minecraft:oak_log":1,"chococraft:gysahl_green_seeds":6,"minecraft:apple":1,"minecraft:cactus":6,"minecraft:dirt":41,"minecraft:birch_fence":1,"chococraft:gysahl_green":23,"minecraft:rotten_flesh":1,"minecraft:wheat_seeds":5,"minecraft:hay_block":3,"minecraft:beef":3,"minecraft:poppy":4,"minecraft:oak_sapling":1,"minecraft:moss_block":12,"minecraft:sugar_cane":2,"minecraft:mutton":2,"minecraft:white_wool":1,"regions_unexplored:baobab_log":3},"minecraft:killed":{"minecraft:sheep":1,"minecraft:husk":1,"minecraft:cow":2},"minecraft:custom":{"minecraft:time_since_rest":13420,"minecraft:interact_with_furnace":5,"minecraft:sprint_one_cm":19664,"minecraft:damage_taken":500,"minecraft:walk_one_cm":61962,"minecraft:mob_kills":5,"minecraft:drop":3,"minecraft:damage_dealt":634,"minecraft:swim_one_cm":893,"minecraft:interact_with_crafting_table":1,"minecraft:fly_one_cm":45790,"minecraft:open_chest":5,"minecraft:crouch_one_cm":5802,"minecraft:play_time":31803,"minecraft:deaths":1,"minecraft:sneak_time":1794,"minecraft:walk_under_water_one_cm":776,"minecraft:jump":374,"minecraft:leave_game":3,"minecraft:walk_on_water_one_cm":1258,"minecraft:time_since_death":13393,"minecraft:climb_one_cm":897,"minecraft:total_world_time":31803,"minecraft:fall_one_cm":14887},"minecraft:killed_by":{"minecraft:husk":1},"minecraft:crafted":{"minecraft:acacia_planks":16},"minecraft:dropped":{"alexsmobs:acacia_blossom":1,"gravestone:obituary":1,"regions_unexplored:dead_steppe_shrub":1},"minecraft:mined":{"minecraft:hay_block":3,"minecraft:cactus":2,"regions_unexplored:dead_steppe_shrub":67,"regions_unexplored:baobab_log":3,"minecraft:acacia_leaves":1,"regions_unexplored:steppe_shrub":3,"minecraft:oak_log":1,"regions_unexplored:steppe_grass":3,"gravestone:gravestone":1,"minecraft:grass":8,"minecraft:acacia_log":4,"chococraft:gysahl_green":7,"minecraft:grass_block":14,"minecraft:vine":1,"minecraft:poppy":4,"minecraft:dirt":27,"minecraft:tall_grass":5,"minecraft:sugar_cane":1,"minecraft:small_dripleaf":1,"minecraft:moss_block":12,"minecraft:oak_leaves":3,"minecraft:birch_fence":1},"minecraft:used":{"minecraft:birch_fence":1,"minecraft:moss_block":12,"minecraft:poppy":4,"minecraft:sugar_cane":2,"regions_unexplored:dead_steppe_shrub":67,"minecraft:rotten_flesh":1,"regions_unexplored:baobab_log":1,"minecraft:dirt":40,"minecraft:beef":1,"minecraft:hay_block":3,"chococraft:gysahl_green":15,"minecraft:acacia_planks":5}},"DataVersion":3465}