{"stats":{"minecraft:picked_up":{"minecraft:bone":2,"minecraft:arrow":2,"minecraft:rotten_flesh":2,"alexsmobs:maggot":2,"minecraft:snowball":16,"minecraft:blue_bed":1,"minecraft:dirt":26},"minecraft:killed":{"minecraft:zombie":1},"minecraft:custom":{"minecraft:open_chest":2,"minecraft:time_since_rest":4151,"minecraft:crouch_one_cm":1870,"minecraft:play_time":12820,"minecraft:sprint_one_cm":8355,"minecraft:damage_taken":100,"minecraft:walk_one_cm":11542,"minecraft:sneak_time":525,"minecraft:mob_kills":1,"minecraft:jump":120,"minecraft:damage_dealt":196,"minecraft:time_since_death":12820,"minecraft:sleep_in_bed":1,"minecraft:total_world_time":12820,"minecraft:fall_one_cm":5760,"minecraft:fly_one_cm":23016},"minecraft:mined":{"minecraft:grass":3,"minecraft:grass_block":10,"minecraft:dirt":12,"minecraft:blue_bed":1},"minecraft:used":{"minecraft:rotten_flesh":2,"alexsmobs:maggot":2,"minecraft:blue_bed":1}},"DataVersion":3465}