{"stats":{"minecraft:dropped":{"minecraft:iron_ingot":2,"minecraft:cooked_chicken":1,"minecraft:spruce_sapling":7},"minecraft:broken":{"minecraft:stone_pickaxe":4,"minecraft:wooden_sword":1,"minecraft:stone_shovel":3},"minecraft:crafted":{"minecraft:stone_shovel":4,"minecraft:crafting_table":1,"minecraft:spruce_planks":60,"minecraft:wooden_pickaxe":1,"minecraft:iron_helmet":1,"minecraft:cooked_chicken":2,"minecraft:furnace":1,"minecraft:stone_axe":1,"minecraft:cooked_mutton":2,"minecraft:air":0,"minecraft:shield":1,"minecraft:stick":20,"minecraft:iron_ingot":10,"minecraft:stone_pickaxe":5,"minecraft:wooden_axe":1,"minecraft:chest":2,"minecraft:spruce_boat":1,"minecraft:torch":12,"minecraft:stone_hoe":1},"minecraft:used":{"minecraft:cooked_mutton":2,"minecraft:stone_shovel":479,"minecraft:stone_pickaxe":599,"minecraft:wooden_pickaxe":17,"minecraft:chest":2,"minecraft:spruce_planks":19,"minecraft:shield":12,"minecraft:brown_mushroom":4,"minecraft:sugar_cane":23,"minecraft:cooked_chicken":1,"minecraft:rotten_flesh":3,"minecraft:torch":13,"minecraft:dirt":150,"minecraft:crafting_table":2,"minecraft:spruce_boat":2,"minecraft:wooden_axe":32,"minecraft:iron_helmet":2,"minecraft:spruce_sapling":18,"minecraft:gravel":12,"minecraft:stone_axe":83,"minecraft:wooden_sword":34,"minecraft:furnace":1},"minecraft:killed":{"minecraft:creeper":1,"minecraft:sheep":1,"minecraft:zombie":2,"minecraft:chicken":2,"minecraft:drowned":1},"minecraft:picked_up":{"minecraft:crafting_table":2,"minecraft:feather":9,"minecraft:chicken":2,"minecraft:brown_mushroom":4,"minecraft:flint":22,"minecraft:shield":2,"minecraft:gunpowder":3,"minecraft:dirt":636,"minecraft:cooked_salmon":2,"minecraft:raw_copper":3,"minecraft:wooden_sword":2,"minecraft:spruce_planks":18,"minecraft:stone_pickaxe":1,"minecraft:iron_pickaxe":1,"minecraft:light_gray_wool":1,"minecraft:sugar_cane":23,"minecraft:stone_hoe":1,"minecraft:furnace":1,"minecraft:stick":17,"minecraft:raw_iron":8,"minecraft:torch":8,"minecraft:gravel":105,"minecraft:sand":18,"minecraft:spruce_sapling":28,"minecraft:spruce_log":98,"minecraft:rotten_flesh":3,"minecraft:stone_axe":1,"minecraft:spruce_boat":1,"minecraft:iron_helmet":2,"minecraft:mutton":2,"minecraft:coal":60,"minecraft:cobblestone":741},"minecraft:killed_by":{"minecraft:player":2,"minecraft:zombie":1},"minecraft:mined":{"minecraft:spruce_planks":7,"minecraft:brown_mushroom":3,"minecraft:crafting_table":2,"minecraft:torch":1,"minecraft:short_grass":1,"minecraft:grass_block":203,"minecraft:copper_ore":1,"minecraft:cobblestone":26,"minecraft:spruce_leaves":114,"minecraft:sugar_cane":9,"minecraft:wall_torch":1,"minecraft:spruce_sapling":8,"minecraft:furnace":1,"minecraft:iron_ore":8,"minecraft:spruce_log":78,"minecraft:coal_ore":32,"minecraft:dirt":195,"minecraft:gravel":94,"minecraft:sand":18,"minecraft:stone":539,"minecraft:fern":3},"minecraft:custom":{"minecraft:interact_with_furnace":29,"minecraft:mob_kills":8,"minecraft:interact_with_crafting_table":37,"minecraft:leave_game":5,"minecraft:time_since_death":2159,"minecraft:time_since_rest":2208,"minecraft:sprint_one_cm":20598,"minecraft:damage_taken":985,"minecraft:walk_one_cm":312305,"minecraft:damage_blocked_by_shield":163,"minecraft:drop":4,"minecraft:damage_dealt":1203,"minecraft:fly_one_cm":43199,"minecraft:player_kills":1,"minecraft:open_chest":9,"minecraft:crouch_one_cm":46362,"minecraft:play_time":120667,"minecraft:deaths":3,"minecraft:sneak_time":13295,"minecraft:walk_under_water_one_cm":5094,"minecraft:boat_one_cm":20090,"minecraft:jump":866,"minecraft:walk_on_water_one_cm":12918,"minecraft:total_world_time":122431,"minecraft:fall_one_cm":11576}},"DataVersion":3955}