{"stats":{"minecraft:picked_up":{"minecraft:rotten_flesh":4,"minecraft:leather":1,"minecraft:acacia_log":6,"minecraft:beef":2,"minecraft:acacia_sapling":2,"minecraft:dirt":54},"minecraft:killed_by":{"minecraft:phantom":1},"minecraft:mined":{"minecraft:grass":2,"minecraft:acacia_log":6,"minecraft:grass_block":35,"minecraft:acacia_sapling":1,"minecraft:dirt_path":3,"minecraft:dirt":16,"minecraft:oak_leaves":1},"minecraft:used":{"minecraft:rotten_flesh":4,"minecraft:dirt":26,"minecraft:beef":2,"minecraft:acacia_sapling":2},"minecraft:custom":{"minecraft:time_since_rest":72642,"minecraft:open_chest":7,"minecraft:crouch_one_cm":4896,"minecraft:play_time":184935,"minecraft:sprint_one_cm":16758,"minecraft:damage_taken":470,"minecraft:deaths":1,"minecraft:walk_one_cm":17371,"minecraft:sneak_time":1520,"minecraft:mob_kills":3,"minecraft:jump":278,"minecraft:damage_dealt":646,"minecraft:leave_game":2,"minecraft:time_since_death":9771,"minecraft:walk_on_water_one_cm":72,"minecraft:total_world_time":184935,"minecraft:fall_one_cm":7859,"minecraft:fly_one_cm":47095},"minecraft:killed":{"minecraft:zombie":2,"minecraft:cow":1}},"DataVersion":3465}