{"stats":{"minecraft:picked_up":{"minecraft:rotten_flesh":4,"minecraft:acacia_log":6,"minecraft:acacia_sapling":2,"minecraft:dirt":45},"minecraft:killed_by":{"minecraft:phantom":1},"minecraft:mined":{"minecraft:grass":1,"minecraft:acacia_log":6,"minecraft:grass_block":29,"minecraft:acacia_sapling":1,"minecraft:dirt":16,"minecraft:oak_leaves":1},"minecraft:used":{"minecraft:rotten_flesh":4,"minecraft:dirt":26,"minecraft:acacia_sapling":2},"minecraft:custom":{"minecraft:open_chest":4,"minecraft:time_since_rest":70980,"minecraft:crouch_one_cm":4896,"minecraft:sprint_one_cm":13119,"minecraft:play_time":183273,"minecraft:deaths":1,"minecraft:damage_taken":470,"minecraft:walk_one_cm":12747,"minecraft:sneak_time":1520,"minecraft:mob_kills":2,"minecraft:jump":215,"minecraft:damage_dealt":546,"minecraft:leave_game":1,"minecraft:walk_on_water_one_cm":72,"minecraft:time_since_death":8109,"minecraft:total_world_time":183273,"minecraft:fall_one_cm":5916,"minecraft:fly_one_cm":35100},"minecraft:killed":{"minecraft:zombie":2}},"DataVersion":3465}