{"stats":{"minecraft:picked_up":{"minecraft:acacia_sapling":2,"minecraft:acacia_log":6,"minecraft:dirt":3},"minecraft:used":{"minecraft:acacia_sapling":2},"minecraft:killed_by":{"minecraft:phantom":1},"minecraft:custom":{"minecraft:jump":22,"minecraft:time_since_rest":11485,"minecraft:deaths":1,"minecraft:damage_taken":270,"minecraft:crouch_one_cm":1774,"minecraft:sprint_one_cm":303,"minecraft:play_time":123778,"minecraft:time_since_death":0,"minecraft:walk_one_cm":3684,"minecraft:sneak_time":657,"minecraft:total_world_time":123778,"minecraft:fall_one_cm":569,"minecraft:fly_one_cm":2282},"minecraft:mined":{"minecraft:acacia_log":6,"minecraft:grass_block":2,"minecraft:acacia_sapling":1,"minecraft:dirt":1}},"DataVersion":3465}