{"stats":{"minecraft:picked_up":{"minecraft:acacia_log":6,"minecraft:acacia_sapling":2,"minecraft:dirt":12},"minecraft:used":{"minecraft:dirt":7,"minecraft:acacia_sapling":2},"minecraft:killed_by":{"minecraft:phantom":1},"minecraft:custom":{"minecraft:time_since_rest":63846,"minecraft:crouch_one_cm":2855,"minecraft:play_time":176139,"minecraft:sprint_one_cm":1865,"minecraft:walk_one_cm":4584,"minecraft:damage_taken":270,"minecraft:deaths":1,"minecraft:sneak_time":995,"minecraft:jump":46,"minecraft:leave_game":1,"minecraft:time_since_death":975,"minecraft:walk_on_water_one_cm":72,"minecraft:total_world_time":176139,"minecraft:fall_one_cm":569,"minecraft:fly_one_cm":5220},"minecraft:mined":{"minecraft:grass":1,"minecraft:acacia_log":6,"minecraft:grass_block":7,"minecraft:acacia_sapling":1,"minecraft:dirt":5}},"DataVersion":3465}