{"stats":{"minecraft:picked_up":{"minecraft:wheat_seeds":2,"minecraft:acacia_log":2,"regions_unexplored:dead_steppe_shrub":37,"minecraft:dirt":20},"minecraft:custom":{"minecraft:time_since_rest":15305,"minecraft:play_time":15305,"minecraft:crouch_one_cm":1798,"minecraft:sprint_one_cm":3762,"minecraft:damage_taken":165,"minecraft:walk_one_cm":9359,"minecraft:sneak_time":528,"minecraft:mob_kills":1,"minecraft:jump":71,"minecraft:damage_dealt":32,"minecraft:time_since_death":15305,"minecraft:total_world_time":15305,"minecraft:fall_one_cm":2955,"minecraft:fly_one_cm":10082},"minecraft:mined":{"minecraft:grass":2,"minecraft:acacia_log":2,"regions_unexplored:dead_steppe_shrub":37,"minecraft:grass_block":12,"minecraft:dirt":8,"regions_unexplored:steppe_shrub":3,"minecraft:tall_grass":1,"regions_unexplored:steppe_grass":3},"minecraft:used":{"regions_unexplored:dead_steppe_shrub":28,"minecraft:dirt":4}},"DataVersion":3465}