{"stats":{"minecraft:picked_up":{"minecraft:rotten_flesh":1,"minecraft:wheat_seeds":2,"minecraft:acacia_log":2,"regions_unexplored:dead_steppe_shrub":68,"minecraft:dirt":39},"minecraft:killed":{"minecraft:husk":1},"minecraft:custom":{"minecraft:deaths":1,"minecraft:time_since_rest":2294,"minecraft:crouch_one_cm":3380,"minecraft:sprint_one_cm":10662,"minecraft:play_time":20677,"minecraft:damage_taken":360,"minecraft:walk_one_cm":19086,"minecraft:sneak_time":1031,"minecraft:mob_kills":2,"minecraft:drop":2,"minecraft:jump":159,"minecraft:damage_dealt":214,"minecraft:leave_game":1,"minecraft:time_since_death":2267,"minecraft:total_world_time":20677,"minecraft:fall_one_cm":7769,"minecraft:fly_one_cm":23761},"minecraft:killed_by":{"minecraft:husk":1},"minecraft:dropped":{"gravestone:obituary":1,"regions_unexplored:dead_steppe_shrub":1},"minecraft:mined":{"minecraft:grass":2,"regions_unexplored:dead_steppe_shrub":67,"minecraft:acacia_log":2,"minecraft:grass_block":13,"minecraft:dirt":26,"regions_unexplored:steppe_shrub":3,"minecraft:tall_grass":1,"chococraft:gysahl_green":1,"regions_unexplored:steppe_grass":3,"gravestone:gravestone":1},"minecraft:used":{"regions_unexplored:dead_steppe_shrub":67,"minecraft:dirt":21,"minecraft:rotten_flesh":1}},"DataVersion":3465}