{"stats":{"minecraft:mined":{"regions_unexplored:dead_steppe_shrub":67,"regions_unexplored:baobab_log":3,"minecraft:acacia_leaves":1,"regions_unexplored:steppe_shrub":3,"regions_unexplored:steppe_grass":3,"gravestone:gravestone":1,"minecraft:acacia_log":4,"minecraft:grass":5,"chococraft:gysahl_green":5,"minecraft:grass_block":14,"minecraft:dirt":27,"minecraft:tall_grass":1},"minecraft:used":{"minecraft:rotten_flesh":1,"regions_unexplored:dead_steppe_shrub":67,"regions_unexplored:baobab_log":1,"minecraft:dirt":40,"chococraft:gysahl_green":8,"minecraft:acacia_planks":5},"minecraft:killed_by":{"minecraft:husk":1},"minecraft:crafted":{"minecraft:acacia_planks":16},"minecraft:picked_up":{"alexsmobs:acacia_blossom":1,"minecraft:acacia_log":4,"regions_unexplored:dead_steppe_shrub":68,"chococraft:gysahl_green_seeds":5,"minecraft:dirt":41,"minecraft:rotten_flesh":1,"chococraft:gysahl_green":16,"minecraft:wheat_seeds":4,"regions_unexplored:baobab_log":3},"minecraft:custom":{"minecraft:time_since_rest":7553,"minecraft:sprint_one_cm":15221,"minecraft:damage_taken":370,"minecraft:walk_one_cm":35012,"minecraft:mob_kills":2,"minecraft:drop":3,"minecraft:damage_dealt":224,"minecraft:swim_one_cm":893,"minecraft:fly_one_cm":37025,"minecraft:open_chest":3,"minecraft:crouch_one_cm":3915,"minecraft:play_time":25936,"minecraft:deaths":1,"minecraft:sneak_time":1270,"minecraft:walk_under_water_one_cm":48,"minecraft:jump":266,"minecraft:leave_game":2,"minecraft:time_since_death":7526,"minecraft:walk_on_water_one_cm":676,"minecraft:total_world_time":25936,"minecraft:fall_one_cm":9650},"minecraft:dropped":{"alexsmobs:acacia_blossom":1,"gravestone:obituary":1,"regions_unexplored:dead_steppe_shrub":1},"minecraft:killed":{"minecraft:husk":1}},"DataVersion":3465}