{"stats":{"minecraft:picked_up":{"minecraft:acacia_sapling":2,"minecraft:acacia_log":6,"minecraft:dirt":3},"minecraft:used":{"minecraft:acacia_sapling":2},"minecraft:custom":{"minecraft:jump":19,"minecraft:time_since_rest":111778,"minecraft:damage_taken":170,"minecraft:crouch_one_cm":1774,"minecraft:sprint_one_cm":303,"minecraft:play_time":111778,"minecraft:time_since_death":111778,"minecraft:walk_one_cm":2987,"minecraft:sneak_time":657,"minecraft:total_world_time":111778,"minecraft:fall_one_cm":569,"minecraft:fly_one_cm":1380},"minecraft:mined":{"minecraft:acacia_log":6,"minecraft:grass_block":2,"minecraft:acacia_sapling":1,"minecraft:dirt":1}},"DataVersion":3465}