{"stats":{"minecraft:dropped":{"regions_unexplored:tsubaki":1,"minecraft:white_tulip":1,"minecraft:blue_orchid":1,"regions_unexplored:pink_lupine":2,"regions_unexplored:blue_lupine":1,"minecraft:orange_tulip":3,"biomesoplenty:lavender":1},"minecraft:custom":{"minecraft:time_since_rest":4320,"minecraft:crouch_one_cm":593,"minecraft:sprint_one_cm":10561,"minecraft:play_time":4320,"minecraft:damage_taken":30,"minecraft:walk_one_cm":1949,"minecraft:sneak_time":140,"minecraft:walk_under_water_one_cm":1506,"minecraft:drop":8,"minecraft:jump":146,"minecraft:leave_game":1,"minecraft:time_since_death":4320,"minecraft:walk_on_water_one_cm":5076,"minecraft:total_world_time":4320,"minecraft:swim_one_cm":18250,"minecraft:fall_one_cm":4927,"minecraft:fly_one_cm":32814},"minecraft:mined":{"minecraft:grass_block":7},"minecraft:picked_up":{"biomesoplenty:lavender":1,"minecraft:allium":1,"regions_unexplored:tsubaki":1,"minecraft:blue_orchid":1,"minecraft:orange_tulip":3,"regions_unexplored:blue_lupine":1,"minecraft:white_tulip":1,"regions_unexplored:pink_lupine":2,"minecraft:dirt":7}},"DataVersion":3465}