{"stats":{"minecraft:dropped":{"regions_unexplored:tsubaki":1,"minecraft:white_tulip":1,"mca:book_romance":1,"minecraft:orange_tulip":3,"biomesoplenty:lavender":1,"minecraft:blue_orchid":1,"regions_unexplored:pink_lupine":2,"regions_unexplored:blue_lupine":1},"minecraft:custom":{"minecraft:time_since_rest":244,"minecraft:sprint_one_cm":36904,"minecraft:damage_taken":800,"minecraft:walk_one_cm":111172,"minecraft:trigger_trapped_chest":1,"minecraft:drop":9,"minecraft:damage_dealt":85,"minecraft:interact_with_crafting_table":1,"minecraft:fly_one_cm":119867,"minecraft:swim_one_cm":21372,"minecraft:open_chest":6,"minecraft:crouch_one_cm":5445,"minecraft:play_time":20524,"minecraft:deaths":1,"minecraft:sneak_time":1368,"minecraft:walk_under_water_one_cm":3234,"minecraft:jump":654,"minecraft:leave_game":2,"minecraft:walk_on_water_one_cm":8955,"minecraft:time_since_death":213,"minecraft:sleep_in_bed":1,"minecraft:climb_one_cm":217,"minecraft:total_world_time":20524,"minecraft:fall_one_cm":25995},"minecraft:mined":{"minecraft:hay_block":5,"iceandfire:graveyard_soil":1,"farmersdelight:rich_soil":1,"regions_unexplored:waratah":1,"regions_unexplored:magnolia_log":1,"regions_unexplored:mauve_leaves":1,"minecraft:orange_tulip":1,"regions_unexplored:dropleaf":1,"minecraft:grass":2,"minecraft:grass_block":13,"minecraft:vine":1,"minecraft:dirt":7,"regions_unexplored:duskmelon":1,"minecraft:fern":1,"regions_unexplored:tsubaki":1},"minecraft:picked_up":{"biomesoplenty:lavender":1,"farmersdelight:rich_soil":1,"minecraft:allium":1,"regions_unexplored:magnolia_log":1,"regions_unexplored:blue_lupine":1,"minecraft:dirt":16,"regions_unexplored:pink_lupine":2,"regions_unexplored:waratah":1,"minecraft:blue_orchid":1,"regions_unexplored:tsubaki":2,"iceandfire:graveyard_soil":1,"minecraft:orange_tulip":4,"minecraft:hay_block":5,"minecraft:white_tulip":1,"minecraft:pink_tulip":1,"regions_unexplored:dropleaf":1},"minecraft:killed_by":{"iceandfire:ghost":1},"minecraft:crafted":{"minecraft:crafting_table":1,"regions_unexplored:magnolia_planks":4,"minecraft:bread":15,"minecraft:wheat":45},"minecraft:used":{"minecraft:apple":2,"minecraft:bread":12,"iceandfire:graveyard_soil":1,"minecraft:orange_tulip":1,"regions_unexplored:dropleaf":1,"farmersdelight:rich_soil":1,"regions_unexplored:tsubaki":1,"minecraft:dirt":12,"minecraft:crafting_table":1,"regions_unexplored:waratah":1}},"DataVersion":3465}