{"stats":{"minecraft:used":{"minecraft:water_bucket":4,"iceandfire:tide_purple_boots":1,"iceandfire:ghost_sword":8,"minecraft:flint_and_steel":1,"blue_skies:everdawn_portal":1,"aether:aether_portal_frame":2,"minecraft:orange_tulip":19,"farmersdelight:rich_soil":1,"iceandfire:tide_purple_helmet":1,"regions_unexplored:tsubaki":1,"minecraft:golden_apple":8,"minecraft:dirt":12,"minecraft:crafting_table":1,"regions_unexplored:waratah":1,"minecraft:allium":1,"iceandfire:tide_purple_leggings":1,"iceandfire:tide_purple_chestplate":1,"minecraft:obsidian":16,"minecraft:apple":2,"blue_skies:everbright_portal":1,"minecraft:grass_block":46,"minecraft:bread":12,"iceandfire:graveyard_soil":1,"regions_unexplored:prismoss":3,"regions_unexplored:dropleaf":1,"chococraft:gold_chocobo_spawn_egg":1,"minecraft:bow":24},"minecraft:dropped":{"minecraft:water_bucket":1,"regions_unexplored:tsubaki":3,"minecraft:white_tulip":1,"minecraft:wheat_seeds":1,"minecraft:diamond":3,"biomesoplenty:lavender":1,"minecraft:orange_tulip":4,"blue_skies:pine_fruit_seeds":2,"regions_unexplored:hyssop":1,"regions_unexplored:aster":1,"regions_unexplored:pink_lupine":3,"minecraft:grass_block":1,"minecraft:poppy":1,"mca:book_romance":1,"minecraft:allium":1,"gravestone:obituary":2,"minecraft:blue_orchid":1,"regions_unexplored:blue_lupine":1},"minecraft:crafted":{"minecraft:crafting_table":1,"minecraft:bread":15,"regions_unexplored:magnolia_planks":4,"minecraft:wheat":45},"minecraft:mined":{"farmersdelight:rich_soil":1,"iceandfire:graveyard_soil":1,"regions_unexplored:magnolia_log":1,"regions_unexplored:dropleaf":1,"minecraft:grass_block":13,"regions_unexplored:duskmelon":1,"regions_unexplored:tsubaki":1,"minecraft:hay_block":5,"regions_unexplored:waratah":1,"regions_unexplored:mauve_leaves":1,"minecraft:orange_tulip":1,"minecraft:grass":2,"minecraft:vine":1,"minecraft:dirt":7,"minecraft:fern":1},"minecraft:picked_up":{"biomesoplenty:lavender":1,"farmersdelight:rich_soil":1,"minecraft:allium":3,"regions_unexplored:magnolia_log":1,"minecraft:dirt":16,"regions_unexplored:waratah":3,"regions_unexplored:aster":1,"minecraft:blue_orchid":1,"iceandfire:graveyard_soil":1,"minecraft:wheat_seeds":2,"minecraft:orange_tulip":7,"minecraft:gold_nugget":30,"minecraft:white_tulip":2,"regions_unexplored:dropleaf":1,"regions_unexplored:blue_lupine":1,"regions_unexplored:pink_lupine":3,"regions_unexplored:hyssop":1,"blue_skies:pine_fruit_seeds":2,"regions_unexplored:tsubaki":4,"minecraft:diamond":1,"minecraft:hay_block":5,"minecraft:pink_tulip":1},"minecraft:killed_by":{"iceandfire:ghost":1,"iceandfire:fire_dragon":1},"minecraft:custom":{"minecraft:interact_with_crafting_table":1,"minecraft:leave_game":2,"minecraft:time_since_death":15137,"minecraft:sleep_in_bed":1,"minecraft:climb_one_cm":217,"minecraft:time_since_rest":15163,"minecraft:sprint_one_cm":55682,"minecraft:walk_one_cm":160875,"minecraft:damage_taken":1633,"minecraft:damage_absorbed":240,"minecraft:trigger_trapped_chest":1,"minecraft:drop":27,"minecraft:damage_dealt":852,"minecraft:swim_one_cm":21985,"minecraft:fly_one_cm":1291782,"minecraft:open_chest":9,"minecraft:crouch_one_cm":11067,"minecraft:play_time":43034,"minecraft:deaths":2,"minecraft:sneak_time":3702,"minecraft:walk_under_water_one_cm":4577,"minecraft:jump":972,"minecraft:walk_on_water_one_cm":10576,"minecraft:total_world_time":43034,"minecraft:fall_one_cm":36557}},"DataVersion":3465}