{"stats":{"minecraft:picked_up":{"minecraft:spruce_log":7,"minecraft:dirt":2},"minecraft:crafted":{"minecraft:spruce_planks":28},"minecraft:killed":{"minecraft:skeleton":1},"minecraft:used":{"minecraft:dirt":2},"minecraft:mined":{"minecraft:grass_block":2,"minecraft:spruce_leaves":1,"minecraft:spruce_log":7},"minecraft:custom":{"minecraft:time_since_rest":8021,"minecraft:open_chest":1,"minecraft:play_time":8021,"minecraft:crouch_one_cm":187,"minecraft:interact_with_furnace":1,"minecraft:sprint_one_cm":1493,"minecraft:damage_taken":120,"minecraft:walk_one_cm":5112,"minecraft:sneak_time":56,"minecraft:mob_kills":1,"minecraft:jump":26,"minecraft:damage_dealt":40,"minecraft:leave_game":1,"minecraft:time_since_death":8021,"minecraft:total_world_time":8021,"minecraft:interact_with_crafting_table":3,"minecraft:fall_one_cm":898,"minecraft:fly_one_cm":2991}},"DataVersion":3955}