{"stats":{"minecraft:dropped":{"regions_unexplored:tsubaki":1,"minecraft:white_tulip":1,"mca:book_romance":1,"minecraft:orange_tulip":3,"biomesoplenty:lavender":1,"minecraft:blue_orchid":1,"regions_unexplored:pink_lupine":2,"regions_unexplored:blue_lupine":1},"minecraft:custom":{"minecraft:time_since_rest":5601,"minecraft:sprint_one_cm":26377,"minecraft:damage_taken":530,"minecraft:walk_one_cm":97558,"minecraft:drop":9,"minecraft:fly_one_cm":83610,"minecraft:swim_one_cm":19669,"minecraft:open_chest":6,"minecraft:crouch_one_cm":4093,"minecraft:play_time":16320,"minecraft:sneak_time":1161,"minecraft:walk_under_water_one_cm":2699,"minecraft:jump":504,"minecraft:leave_game":1,"minecraft:walk_on_water_one_cm":6951,"minecraft:time_since_death":16320,"minecraft:sleep_in_bed":1,"minecraft:climb_one_cm":145,"minecraft:total_world_time":16320,"minecraft:fall_one_cm":21467},"minecraft:mined":{"minecraft:hay_block":5,"farmersdelight:rich_soil":1,"regions_unexplored:waratah":1,"regions_unexplored:mauve_leaves":1,"minecraft:orange_tulip":1,"regions_unexplored:dropleaf":1,"minecraft:grass":1,"minecraft:grass_block":10,"minecraft:dirt":1,"regions_unexplored:duskmelon":1,"regions_unexplored:tsubaki":1},"minecraft:picked_up":{"biomesoplenty:lavender":1,"farmersdelight:rich_soil":1,"minecraft:allium":1,"regions_unexplored:blue_lupine":1,"minecraft:dirt":11,"regions_unexplored:pink_lupine":2,"regions_unexplored:waratah":1,"minecraft:blue_orchid":1,"regions_unexplored:tsubaki":2,"minecraft:orange_tulip":4,"minecraft:hay_block":5,"minecraft:white_tulip":1,"minecraft:pink_tulip":1,"regions_unexplored:dropleaf":1},"minecraft:used":{"minecraft:apple":2,"minecraft:bread":8,"minecraft:orange_tulip":1,"regions_unexplored:dropleaf":1,"farmersdelight:rich_soil":1,"regions_unexplored:tsubaki":1,"minecraft:dirt":7,"regions_unexplored:waratah":1}},"DataVersion":3465}