{
  "minecraft:adventure/adventuring_time": {
    "criteria": {
      "minecraft:windswept_hills": "2024-08-26 04:13:12 +0000",
      "minecraft:river": "2024-08-26 04:14:34 +0000",
      "minecraft:forest": "2024-08-26 04:14:24 +0000",
      "minecraft:windswept_savanna": "2024-08-26 03:15:06 +0000"
    },
    "done": false
  },
  "iceandfire:iceandfire/root": {
    "criteria": {
      "tick": "2024-08-26 04:12:29 +0000"
    },
    "done": true
  },
  "farmersdelight:main/root": {
    "criteria": {
      "seeds": "2024-08-26 04:12:29 +0000"
    },
    "done": true
  },
  "naturescompass:natures_compass_log": {
    "criteria": {
      "has_recipe": "2024-08-26 04:12:29 +0000"
    },
    "done": true
  },
  "naturescompass:natures_compass": {
    "criteria": {
      "has_recipe": "2024-08-26 04:12:29 +0000"
    },
    "done": true
  },
  "naturescompass:natures_compass_sapling": {
    "criteria": {
      "has_recipe": "2024-08-26 04:12:29 +0000"
    },
    "done": true
  },
  "mca:recipes/building_blocks/headstones": {
    "criteria": {
      "has_the_slanted_recipe": "2024-08-26 04:12:29 +0000"
    },
    "done": true
  },
  "mowziesmobs:root": {
    "criteria": {
      "custom_test_name": "2024-08-26 04:12:29 +0000"
    },
    "done": true
  },
  "betterdungeons:root": {
    "criteria": {
      "always": "2024-08-26 04:12:29 +0000"
    },
    "done": true
  },
  "betternether:root": {
    "criteria": {
      "welcome": "2024-08-26 04:12:30 +0000"
    },
    "done": true
  },
  "betterend:root": {
    "criteria": {
      "welcome": "2024-08-26 04:12:30 +0000"
    },
    "done": true
  },
  "dungeons_arise:wda_root": {
    "criteria": {
      "WDA": "2024-08-26 04:12:30 +0000"
    },
    "done": true
  },
  "repurposed_structures:root": {
    "criteria": {
      "always": "2024-08-26 04:12:30 +0000"
    },
    "done": true
  },
  "betterdeserttemples:root": {
    "criteria": {
      "always": "2024-08-26 04:12:30 +0000"
    },
    "done": true
  },
  "regions_unexplored:parent": {
    "criteria": {
      "load_in_world": "2024-08-26 04:12:30 +0000"
    },
    "done": true
  },
  "biomesoplenty:biomesoplenty/root": {
    "criteria": {
      "lavender_field": "2024-08-26 04:14:58 +0000"
    },
    "done": true
  },
  "biomesoplenty:biomesoplenty/all_biomes": {
    "criteria": {
      "shrubland": "2024-08-26 04:24:21 +0000",
      "rocky_shrubland": "2024-08-26 04:26:53 +0000",
      "erupting_inferno": "2024-08-28 02:50:37 +0000",
      "field": "2024-08-26 04:27:50 +0000",
      "coniferous_forest": "2024-08-26 04:27:44 +0000",
      "visceral_heap": "2024-08-28 02:47:14 +0000",
      "pasture": "2024-08-26 04:21:35 +0000",
      "lavender_field": "2024-08-26 04:14:58 +0000",
      "prairie": "2024-08-26 04:17:24 +0000"
    },
    "done": false
  },
  "mca:recipes/misc/bouquet": {
    "criteria": {
      "has_item": "2024-08-26 04:15:08 +0000"
    },
    "done": true
  },
  "regions_unexplored:regions_explored": {
    "criteria": {
      "ancient_delta": "2024-08-26 04:22:27 +0000",
      "willow_forest": "2024-08-26 04:25:30 +0000",
      "rocky_meadow": "2024-08-26 04:24:32 +0000",
      "mycotoxic_undergrowth": "2024-08-28 02:44:21 +0000",
      "flower_fields": "2024-08-26 04:15:09 +0000",
      "magnolia_highlands": "2024-08-26 04:25:55 +0000",
      "lupine_plains": "2024-08-26 04:26:11 +0000"
    },
    "done": false
  },
  "regions_unexplored:pioneer": {
    "criteria": {
      "willow_forest": "2024-08-26 04:25:30 +0000",
      "rocky_meadow": "2024-08-26 04:24:32 +0000",
      "flower_fields": "2024-08-26 04:15:09 +0000",
      "magnolia_highlands": "2024-08-26 04:25:55 +0000",
      "lupine_plains": "2024-08-26 04:26:11 +0000"
    },
    "done": false
  },
  "mca:root": {
    "criteria": {
      "village_plains": "2024-08-26 04:16:56 +0000"
    },
    "done": true
  },
  "farmersdelight:main/get_rich_soil": {
    "criteria": {
      "get_rich_soil": "2024-08-26 04:17:07 +0000"
    },
    "done": true
  },
  "minecraft:husbandry/balanced_diet": {
    "criteria": {
      "apple": "2024-08-26 04:17:50 +0000",
      "bread": "2024-08-26 04:17:48 +0000",
      "golden_apple": "2024-08-28 02:32:39 +0000"
    },
    "done": false
  },
  "minecraft:husbandry/root": {
    "criteria": {
      "consumed_item": "2024-08-26 04:17:48 +0000"
    },
    "done": true
  },
  "minecraft:adventure/sleep_in_bed": {
    "criteria": {
      "slept_in_bed": "2024-08-26 04:21:03 +0000"
    },
    "done": true
  },
  "regions_unexplored:spelunker": {
    "criteria": {
      "ancient_delta": "2024-08-26 04:22:27 +0000"
    },
    "done": false
  },
  "regions_unexplored:got_wood": {
    "criteria": {
      "magnolia_log": "2024-08-26 04:26:28 +0000"
    },
    "done": false
  },
  "minecraft:story/root": {
    "criteria": {
      "crafting_table": "2024-08-26 04:26:31 +0000"
    },
    "done": true
  },
  "minecraft:adventure/root": {
    "criteria": {
      "killed_by_something": "2024-08-26 04:29:33 +0000"
    },
    "done": true
  },
  "blue_skies:everdawn/enter": {
    "criteria": {
      "enter_everdawn": "2024-08-28 02:42:24 +0000"
    },
    "done": true
  },
  "alexscaves:alexscaves/nuclear_bomb": {
    "criteria": {
      "nuclear_bomb": "2024-08-28 02:48:07 +0000"
    },
    "done": true
  },
  "betternether:all_the_biomes": {
    "criteria": {
      "betternether:crimson_pinewood": "2024-08-28 02:47:52 +0000",
      "betternether:old_fungiwoods": "2024-08-28 02:47:03 +0000",
      "betternether:old_swampland": "2024-08-28 02:46:31 +0000",
      "betternether:magma_land": "2024-08-28 02:43:42 +0000",
      "betternether:nether_mushroom_forest_edge": "2024-08-28 02:47:02 +0000",
      "betternether:nether_jungle": "2024-08-28 02:46:04 +0000"
    },
    "done": false
  },
  "minecraft:nether/explore_nether": {
    "criteria": {
      "minecraft:crimson_forest": "2024-08-28 02:47:47 +0000"
    },
    "done": false
  },
  "minecraft:nether/root": {
    "criteria": {
      "entered_nether": "2024-08-28 02:43:38 +0000"
    },
    "done": true
  },
  "betternether:enter_nether": {
    "criteria": {
      "entered_nether": "2024-08-28 02:43:38 +0000"
    },
    "done": true
  },
  "minecraft:story/mine_stone": {
    "criteria": {
      "get_stone": "2024-08-28 02:48:38 +0000"
    },
    "done": true
  },
  "minecraft:story/enter_the_nether": {
    "criteria": {
      "entered_nether": "2024-08-28 02:43:38 +0000"
    },
    "done": true
  },
  "aether:enter_aether": {
    "criteria": {
      "enter_aether": "2024-08-28 02:41:44 +0000"
    },
    "done": true
  },
  "mca:recipes/misc/books": {
    "criteria": {
      "has_item": "2024-08-28 02:55:13 +0000"
    },
    "done": true
  },
  "blue_skies:root": {
    "criteria": {
      "enter_everdawn": "2024-08-28 02:42:24 +0000"
    },
    "done": true
  },
  "minecraft:story/form_obsidian": {
    "criteria": {
      "obsidian": "2024-08-28 02:37:49 +0000"
    },
    "done": true
  },
  "minecraft:adventure/shoot_arrow": {
    "criteria": {
      "shot_arrow": "2024-08-28 02:33:21 +0000"
    },
    "done": true
  },
  "regions_unexplored:eternal_expedition": {
    "criteria": {
      "mycotoxic_undergrowth": "2024-08-28 02:44:21 +0000"
    },
    "done": false
  },
  "mca:recipes/misc/blueprint": {
    "criteria": {
      "has_item": "2024-08-28 02:55:13 +0000"
    },
    "done": true
  },
  "alexscaves:alexscaves/uranium_rod": {
    "criteria": {
      "limestone": "2024-08-28 02:49:39 +0000"
    },
    "done": true
  },
  "blue_skies:everbright/enter": {
    "criteria": {
      "enter_everbright": "2024-08-28 02:42:47 +0000"
    },
    "done": true
  },
  "repurposed_structures:mineshafts": {
    "criteria": {
      "in_mineshaft_nether": "2024-08-28 02:46:56 +0000"
    },
    "done": false
  },
  "alexscaves:alexscaves/tremorzilla_egg": {
    "criteria": {
      "quarry": "2024-08-28 02:49:56 +0000"
    },
    "done": true
  },
  "alexscaves:alexscaves/cave_tablet": {
    "criteria": {
      "cave_tablet": "2024-08-28 02:53:43 +0000"
    },
    "done": true
  },
  "alexscaves:alexscaves/hatch_tremorzilla_egg": {
    "criteria": {
      "hatch_tremorzilla_egg": "2024-08-28 02:51:41 +0000"
    },
    "done": true
  },
  "twilightforest:root": {
    "criteria": {
      "make_portal": "2024-08-28 02:36:45 +0000"
    },
    "done": true
  },
  "minecraft:story/mine_diamond": {
    "criteria": {
      "diamond": "2024-08-28 02:36:25 +0000"
    },
    "done": true
  },
  "alexscaves:alexscaves/stalked_by_deep_one": {
    "criteria": {
      "stalked_by_deep_one": "2024-08-28 02:54:29 +0000"
    },
    "done": true
  },
  "minecraft:nether/find_fortress": {
    "criteria": {
      "in_better_fortress": "2024-08-28 02:44:22 +0000"
    },
    "done": true
  },
  "blue_skies:thinking_with_portals": {
    "criteria": {
      "enter_everbright": "2024-08-28 02:42:47 +0000",
      "enter_everdawn": "2024-08-28 02:42:24 +0000"
    },
    "done": true
  },
  "aether:the_aether": {
    "criteria": {
      "the_aether": "2024-08-28 02:41:44 +0000"
    },
    "done": true
  },
  "DataVersion": 3465
}